"Date de signalement","Numéro de Vélo",Localisation
"2023/06/01 06:19:02,091",51681,"32 Avenue Laplace 94110 Arcueil"
"2023/06/01 07:41:19,319",42546,"3 Impasse Du Bureau 75011 Paris"
"2023/06/01 09:29:14,224",14505,"80 Rue Pierre Joigneaux, 92270 Bois-Colombes, France"
"2023/06/01 09:21:11,993",67673,"74 Rond-Point Du Pont De Sèvres, 92100 Boulogne-Billancourt, France"
"2023/06/01 09:53:58,685",63730,"3 Boulevard D'inkermann 92200 Neuilly-sur-Seine"
"2023/06/01 11:18:23,498",22371,"Rue De La Défense 92320 Châtillon"
"2023/06/01 12:07:44,018",68707,"2 Rue Boudreau 75009 Paris"
"2023/06/01 13:09:02,418",5889,"5 Rue Saulnier 75009 Paris"
"2023/06/01 14:32:36,091",61818,"22 Rue Horace Vernet 92130 Issy-les-Moulineaux"
"2023/06/01 14:43:38,903",31639,"3 Rue Jean Monnet, 94130 Nogent-sur-Marne, France"
"2023/06/02 08:35:14,085",62405,"74 Avenue Léon Bernard, 93700 Drancy, France"
"2023/06/02 09:18:49,920",60484,"263 Boulevard Jean Jaurès, 92100 Boulogne-Billancourt, France"
"2023/06/02 09:20:09,739",60484,"263 Boulevard Jean Jaurès, 92100 Boulogne-Billancourt, France"
"2023/06/02 09:54:16,339",19452,"23 Passage Dubail 75010 Paris"
"2023/06/02 10:38:40,148",62975,"1 Boulevard Du Général Martial Valin 75015 Paris"
"2023/06/02 12:27:13,741",25920,"101 Rue Marceau 93100 Montreuil"
"2023/06/02 12:26:25,319",25920,"98 Rue Marceau 93100 Montreuil"
"2023/06/02 12:33:39,361",30247,"35 Avenue De La Porte De Choisy 75013 Paris"
"2023/06/02 13:07:40,610",67639,"120 Boulevard Henri Sellier 92150 Suresnes"
"2023/06/02 13:24:22,007",63335,"Allée Des Lapins 75012 Paris"
"2023/06/02 13:59:33,831",61759,"4 Avenue Jules Ferry, 92240 Malakoff, France"
"2023/06/02 14:02:40,470",61759,"4 Avenue Jules Ferry, 92240 Malakoff, France"
"2023/06/02 14:34:54,571",26100,"13 Rue Gandon, 75013 Paris, France"
"2023/06/02 16:56:03,907",61071,"31 Rue Danton 93310 Le Pré-Saint-Gervais"
"2023/06/02 16:54:03,424",63335,"Allée Des Lapins 75012 Paris"
"2023/06/02 19:06:06,863",56818,"Rue Vigneronde, 95100 Argenteuil, France"
"2023/06/02 19:19:05,286",33452,"Le Parvis 92800 Puteaux"
"2023/06/02 19:23:23,393",18764,"Le Parvis 92800 Puteaux"
"2023/06/02 19:35:42,565",43893,"Pont Alexandre Iii 75008 Paris"
"2023/06/02 19:36:36,395",56137,"2 Rue Jean Mermoz, 75008 Paris, France"
"2023/06/02 19:43:38,726",57119,"1 Rond-Point Des Champs-Élysées - Marcel Dassault, 75008 Paris, France"
"2023/06/03 02:46:51,982",43817,"27 Rue Georges Sorel 92100 Boulogne-Billancourt"
"2023/06/03 10:34:38,543",61712,"62 Rue Violet, 75015 Paris, France"
"2023/06/03 10:47:18,925",39551,"7 Rue Saint-Denis, 75001 Paris, France"
"2023/06/03 11:41:50,109",58460,"36 Rue Leblanc 75015 Paris"
"2023/06/03 11:58:09,824",39055,"9 Rue Mansard, 92190 Meudon, France"
"2023/06/03 12:27:26,379",5434,"Grande Rue - Europe"
"2023/06/03 13:09:26,742",18964,"13 Rue Du Val Notre-Dame, 95100 Argenteuil, France"
"2023/06/03 13:44:10,289",37061,"150 Avenue Du Président Wilson 93210 Saint-Denis"
"2023/06/03 14:59:29,929",30800,"17 Rue Kléber, 94200 Ivry-sur-Seine, France"
"2023/06/03 14:59:43,305",30800,"20 Rue Kléber, 94200 Ivry-sur-Seine, France"
"2023/06/03 15:02:12,546",61160,"46 Rue Maxime Gorki, 93700 Drancy, France"
"2023/06/03 15:30:24,928",34586,"54 Route De La Pyramide 75012 Paris"
"2023/06/03 16:14:28,948",67812,"39 Quai D'orsay 75007 Paris"
"2023/06/03 17:00:01,855",55099,"6 Rue Ernest Lefèvre, 75020 Paris, France"
"2023/06/03 18:04:56,500",57722,"7 Avenue Des Champs-Élysées 75008 Paris"
"2023/06/03 19:07:33,207",31654,"9 Rue Jean Calvin, 75005 Paris, France"
"2023/06/03 20:01:54,138",56562,"47 Avenue Raspail, 94250 Gentilly, France"
"2023/06/03 20:04:24,744",58910,"11 Place D'italie, 75013 Paris, France"
"2023/06/03 20:17:55,470",11142,"30 Avenue De Saxe, 75007 Paris, France"
"2023/06/04 03:49:45,920",58177,"Quai Henri Iv, 75004 Paris, France"
"2023/06/04 04:03:07,308",26065,"Rue Mirabeau, 94300 Vincennes, France"
"2023/06/04 08:19:51,084",24368,"5 Avenue Du Berry, 91940 Les Ulis, France"
"2023/06/04 08:14:29,215",36890,"Promenade Édouard Glissant, 75007 Paris, France"
"2023/06/04 08:33:50,094",57119,"43 Avenue Franklin Delano Roosevelt, 75008 Paris, France"
"2023/06/04 08:44:01,426",57119,"39 Avenue Franklin Delano Roosevelt, 75008 Paris, France"
"2023/06/04 11:14:56,092",63094,"42b Rue D'alésia, 75014 Paris, France"
"2023/06/04 12:26:59,108",63019,"44 Rue De Campo Formio, 75013 Paris, France"
"2023/06/04 13:15:25,262",60050,"95 Rue Du Point Du Jour, 92100 Boulogne-Billancourt, France"
"2023/06/04 14:52:04,842",61141,"30 Rue Vitruve 75020 Paris"
"2023/06/04 15:50:56,096",1471,"103 Rue Des Orteaux 75020 Paris"
"2023/06/04 16:18:38,595",30800,"1 Rue Kléber, 94200 Ivry-sur-Seine, France"
"2023/06/04 16:21:46,486",26772,"Allée Des Pins, 75012 Paris, France"
"2023/06/04 16:57:52,451",44854,"7 Rue Victor Hugo, 92700 Colombes, France"
"2023/06/04 17:13:44,220",37892,"52 Rue Du Faubourg Poissonnière 75010 Paris"
"2023/06/04 17:38:53,230",62673,"39 Rue Parent De Rosan, 75016 Paris, France"
"2023/06/04 18:15:29,144",56101,"Route De Vaugirard, 92190 Meudon, France"
"2023/06/04 18:12:34,327",56137,"4 Rond-Point Des Champs-Élysées - Marcel Dassault, 75008 Paris, France"
"2023/06/04 18:16:43,461",57722,"7 Avenue Des Champs-Élysées, 75008 Paris, France"
"2023/06/04 18:38:26,343",61723,"2 Rue De Bucarest 75008 Paris"
"2023/06/04 20:36:19,213",55399,"28 Rue Adam Ledoux 92400 Courbevoie"
"2023/06/04 20:33:33,709",58718,"10 Avenue De La Porte De Pantin, 93500 Pantin, France"
"2023/06/05 07:04:17,644",61440,"21 Rue Treilhard 75008 Paris"
"2023/06/05 07:36:10,285",5629,"25 Rue Anatole France 92370 Chaville"
"2023/06/05 08:46:33,536",62649,"14 Rue Jules David, 93260 Les Lilas, France"
"2023/06/05 09:38:32,210",51743,"70 Rue Pierre Boudou 92600 Asnières-sur-Seine"
"2023/06/05 09:58:57,812",18180,"137 Rue De Longchamp, 92200 Neuilly-sur-Seine, France"
"2023/06/05 12:05:08,574",11362,"6 Rue Du Docteur Blanche, 75016 Paris, France"
"2023/06/05 12:42:10,186",11063,"40 Boulevard Aristide Briand 92400 Courbevoie"
"2023/06/05 12:41:52,610",40726,"6 Rue Pierre Brossolette, 93230 Romainville, France"
"2023/06/05 13:03:57,447",68844,"2 Rue Jean Moulin, 94300 Vincennes, France"
"2023/06/05 13:17:19,695",38315,"39 Rue Greneta 75002 Paris"
"2023/06/05 14:24:19,291",62123,"12 Rue Edmond Valentin 75007 Paris"
"2023/06/05 15:32:40,515",68871,"8 Rue Maurice Berteaux 92130 Issy-les-Moulineaux"
"2023/06/05 16:37:02,552",25120,"177 Avenue Gambetta, 75020 Paris, France"
"2023/06/05 17:47:24,563",1831,"151 Boulevard Davout 75020 Paris"
"2023/06/05 17:46:12,675",26446,"1 Rue Harpignies 75020 Paris"
"2023/06/05 17:49:26,607",56091,"146 Boulevard Davout 75020 Paris"
"2023/06/05 18:08:50,174",53461,"Quai Jacques Chirac, 75007 Paris, France"
"2023/06/05 19:09:58,516",56091,"146 Boulevard Davout, 75020 Paris, France"
"2023/06/05 19:12:50,356",1831,"116 Boulevard Davout, 75020 Paris, France"
"2023/06/05 19:13:51,105",26446,"1 Rue Harpignies, 75020 Paris, France"
"2023/06/05 19:25:35,313",62858,"101 Rue De Lagny, 75020 Paris, France"
"2023/06/05 19:30:39,599",24635,"21 Rue Des Vignerons, 94300 Vincennes, France"
"2023/06/06 09:13:34,288",6884,"15 Avenue Franklin Roosevelt 94300 Vincennes"
"2023/06/06 09:36:33,899",68139,"18 Rue De L'échaudé, 75006 Paris, France"
"2023/06/06 09:57:13,662",607,"Avenue Du Général Ferrié 75007 Paris"
"2023/06/06 10:04:34,699",607,"26 Rue Notre-Dame-De-Nazareth, 75003 Paris, France"
"2023/06/06 12:03:29,410",530,"6 Rue Du Maréchal Harispe 75007 Paris"
"2023/06/06 12:51:13,194",39549,"7 Allée Pierre Lamouroux, 94400 Vitry-sur-Seine, France"
"2023/06/06 13:03:21,004",57302,"26 Rue Vaucanson 78800 Houilles"
"2023/06/06 13:11:46,565",43328,"Allée Des Chênes, 75012 Paris, France"
"2023/06/06 13:12:31,090",44728,"11 Quai De Conti, 75001 Paris, France"
"2023/06/06 13:12:48,600",44728,"Allée Des Chênes, 75012 Paris, France"
"2023/06/06 13:12:20,494",55090,"Allée Des Chênes, 75012 Paris, France"
"2023/06/06 13:45:40,711",12334,"80b Quai Du Parc, 94100 Saint-Maur-des-Fossés, France"
"2023/06/06 13:53:14,747",62568,"11 Avenue Sainte-Foy, 92200 Neuilly-sur-Seine, France"
"2023/06/06 14:02:16,977",45512,"8 Rue Noël Ballay 75020 Paris"
"2023/06/06 15:18:27,924",34586,"54 Route De La Pyramide 75012 Paris"
"2023/06/06 17:17:04,034",68877,"4 Place De La Bataille De Stalingrad, 75019 Paris, France"
"2023/06/06 17:43:56,776",40039,"4 Rue Fusée, 93100 Montreuil, France"
"2023/06/06 17:57:58,883",57905,"199 Rue Danielle Casanova, 93300 Aubervilliers, France"
"2023/06/06 18:29:21,583",62481,"12 Rue Claude Debussy 75017 Paris"
"2023/06/06 18:57:28,481",57119,"43 Avenue Franklin Delano Roosevelt, 75008 Paris, France"
"2023/06/06 18:53:24,842",57772,"7 Avenue Des Champs-Élysées, 75008 Paris, France"
"2023/06/06 18:58:43,954",61583,"11 Quai De Conti, 75001 Paris, France"
"2023/06/07 08:28:56,515",50527,"71 Avenue Vladimir Ilitch Lénine, 94110 Arcueil, France"
"2023/06/07 08:51:56,306",40344,"4 Rue Du Landy, 93210 Saint-Denis, France"
"2023/06/07 08:50:44,399",55749,"1 Rue De Bassano, 75116 Paris, France"
"2023/06/07 09:39:07,492",38405,"37 Avenue Gaston Monmousseau, 93240 Stains, France"
"2023/06/07 09:59:02,509",50294,"30 Rue Des Blancs-Manteaux, 75004 Paris, France"
"2023/06/07 09:52:51,167",61512,"26 Rue Beaurepaire 75010 Paris"
"2023/06/07 09:58:49,971",62591,"3 Rue Dantan, 92210 Saint-Cloud, France"
"2023/06/07 10:00:52,078",50294,"30 Avenue Montaigne, 75008 Paris, France"
"2023/06/07 10:14:37,993",56294,"10 Rue Jeanne D'arc 92130 Issy-les-Moulineaux"
"2023/06/07 10:41:23,460",24828,"82 Rue Des Haies, 75020 Paris, France"
"2023/06/07 12:04:37,883",63200,"55 Avenue Roger Salengro 93120 La Courneuve"
"2023/06/07 12:00:28,505",68871,"8 Rue Maurice Berteaux, 92130 Issy-les-Moulineaux, France"
"2023/06/07 12:58:51,777",21506,"13 Rue Ernest Thierry, 93300 Aubervilliers, France"
"2023/06/07 12:50:52,683",57413,"87 Rue Du Charolais, 75012 Paris, France"
"2023/06/07 12:56:55,805",58055,"10 Rue Louis Blanc 75010 Paris"
"2023/06/07 13:06:36,566",61583,"44 Rue Pereire, 92500 Rueil-Malmaison, France"
"2023/06/07 13:50:56,015",51086,"38 Rue Louis Lumière 75020 Paris"
"2023/06/07 17:28:30,846",37848,"13 Impasse Des Cascades, 94000 Créteil, France"
"2023/06/07 17:28:59,307",51529,"2 Rue Daniel Costantini, 94000 Créteil, France"
"2023/06/07 17:28:41,855",67210,"13 Impasse Des Cascades, 94000 Créteil, France"
"2023/06/07 17:54:34,482",25590,"36 Avenue De Saint-Ouen, 75018 Paris, France"
"2023/06/07 18:34:55,716",55301,"15 Rue Gabriel Péri, 92300 Levallois-Perret, France"
"2023/06/08 08:36:07,084",43484,"4 Avenue Marcel Ramolfo Garnier, 91300 Massy, France"
"2023/06/08 08:57:27,265",60717,"172 Boulevard Saint-Germain, 75006 Paris, France"
"2023/06/08 09:03:34,139",63196,"58 Avenue D'iéna, 75116 Paris, France"
"2023/06/08 09:35:28,322",3612,"11b Rue Ballu, 75009 Paris, France"
"2023/06/08 09:46:23,908",2,"31 Rue Louis Bertrand, 94200 Ivry-sur-Seine, France"
"2023/06/08 09:46:14,596",62012,"24 Rue Pasteur 94270 Le Kremlin-Bicêtre"
"2023/06/08 10:01:45,062",56617,"2 Avenue Jean Jaurès 94340 Joinville-le-Pont"
"2023/06/08 10:16:50,464",62520,"175t Rue De Bercy, 75012 Paris, France"
"2023/06/08 10:41:40,563",63232,"16 Rue Danville, 75014 Paris, France"
"2023/06/08 10:52:37,268",30824,"21 Rue Joseph Bara 93230 Romainville"
"2023/06/08 14:39:20,162",43793,"149 Mail Charles De Gaulle, 93500 Pantin, France"
"2023/06/08 17:06:59,231",63175,"Rue Édouard Vaillant, 94190 Villeneuve-Saint-Georges, France"
"2023/06/08 17:19:54,084",38148,"177 Rue De Paris, 94220 Charenton-le-Pont, France"
"2023/06/08 17:15:14,401",68248,"141 Rue De Paris, 94220 Charenton-le-Pont, France"
"2023/06/08 18:37:48,586",37764,"Allée Sigmund Freud, 75013 Paris, France"
"2023/06/09 02:40:56,897",45698,"75 Place Marguerite De Navarre, 75001 Paris, France"
"2023/06/09 07:28:15,808",38357,"Rue De Chézy, 92200 Neuilly-sur-Seine, France"
"2023/06/09 08:12:37,863",60048,"112 Boulevard Victor Hugo 93400 Saint-Ouen-sur-Seine"
"2023/06/09 08:25:42,940",42575,"16 Rue Pastourelle 75003 Paris"
"2023/06/09 08:27:32,795",67258,"Passage Des Étuves, 93200 Saint-Denis, France"
"2023/06/09 08:49:44,460",35425,"12 Rue Germaine De Staël, 75015 Paris, France"
"2023/06/09 09:19:07,109",63196,"1 Rue De Bassano 75116 Paris"
"2023/06/09 09:35:51,605",12345,"26 Rue Pasteur, 95130 Le Plessis-Bouchard, France"
"2023/06/09 11:06:25,792",43366,"Route Des Lacs 75116 Paris"
"2023/06/09 11:51:37,142",55707,"11 Rue Henri Martin 94200 Ivry-sur-Seine"
"2023/06/09 13:25:50,357",56988,"34 Rue Du Colonel Rozanoff 75012 Paris"
"2023/06/09 16:39:39,289",16954,"1 Allée Charles Grosperrin, 93300 Aubervilliers, France"
"2023/06/09 16:40:48,020",57905,"199 Rue Danielle Casanova, 93300 Aubervilliers, France"
"2023/06/09 17:46:50,059",25452,"5 Place Constantin Pecqueur, 75018 Paris, France"
"2023/06/09 18:07:52,095",50232,"Rue Pierre-Joseph Desault, 94200 Ivry-sur-Seine, France"
"2023/06/09 18:37:49,523",25916,"32 Avenue Pierre Grenier, 92100 Boulogne-Billancourt, France"
"2023/06/09 18:49:19,967",62796,"2 Rue De Rome, 94700 Maisons-Alfort, France"
"2023/06/09 19:19:14,868",58654,"19 Rue Galleron 75020 Paris"
"2023/06/09 19:26:50,248",12024,"50 Boulevard De Bercy, 75012 Paris, France"
"2023/06/09 19:21:45,077",56977,"3 Rue De L'hôtel De Ville, 92200 Neuilly-sur-Seine, France"
"2023/06/09 19:24:43,709",60153,"46 Avenue Gambetta, 75020 Paris, France"
"2023/06/09 19:26:27,049",61793,"66 Rue Championnet 75018 Paris"
"2023/06/10 01:24:10,913",61310,"1 Avenue Alfred Lesieur 93500 Pantin"
"2023/06/10 02:36:52,343",62597,"30 Avenue Louis Georgeon, 94230 Cachan, France"
"2023/06/10 07:05:48,553",18807,"2 Rue Aristide Briand, 92130 Issy-les-Moulineaux, France"
"2023/06/10 10:36:36,898",15633,"8 Avenue De Wagram, 75017 Paris, France"
"2023/06/10 10:38:15,952",51437,"4 Rue De Tilsitt, 75008 Paris, France"
"2023/06/10 10:56:06,480",45054,"25 Rue D'anjou 92600 Asnières-sur-Seine"
"2023/06/10 10:56:01,304",67685,"10 Avenue Myron Herrick, 75008 Paris, France"
"2023/06/10 11:00:53,280",52452,"12 Boulevard De Courcelles, 75008 Paris, France"
"2023/06/10 11:28:54,377",61818,"1 Rue Du Gouverneur Général Éboué, 92130 Issy-les-Moulineaux, France"
"2023/06/10 11:38:01,979",71306,"68 Avenue Gambetta, 94700 Maisons-Alfort, France"
"2023/06/10 11:42:02,240",26027,"68 Avenue Gambetta, 94700 Maisons-Alfort, France"
"2023/06/10 13:21:40,227",34846,"Rue Yvon, 94260 Fresnes, France"
"2023/06/10 13:22:50,142",43739,"1 Place De La Pointe 93500 Pantin"
"2023/06/10 13:33:43,400",35425,"12 Rue Germaine De Staël, 75015 Paris, France"
"2023/06/10 13:31:58,501",50232,"2 Avenue Pierre Sémard, 94200 Ivry-sur-Seine, France"
"2023/06/10 14:07:28,688",56700,"10 Rue Raoul Pugno, 92120 Montrouge, France"
"2023/06/10 14:32:02,036",68054,"12 Rue Du Général De Langle De Cary 75012 Paris"
"2023/06/10 15:22:46,596",57093,"20 Rue De La Marne, 78800 Houilles, France"
"2023/06/10 15:29:11,955",67062,"67 Boulevard Des Invalides, 75007 Paris, France"
"2023/06/10 16:15:30,440",52967,"13 Rue De Bucarest 75008 Paris"
"2023/06/10 17:38:15,183",26157,"10 Allée Louis Blériot, 92270 Bois-Colombes, France"
"2023/06/10 17:40:33,087",52949,"28 Rue Louis Le Grand 75002 Paris"
"2023/06/10 18:09:22,807",25701,"8 Rue Bailly, 75003 Paris, France"
"2023/06/10 18:46:20,148",62909,"51 Rue Des Trois Territoires, 94120 Fontenay-sous-Bois, France"
"2023/06/10 18:52:01,945",57119,"43 Avenue Franklin Delano Roosevelt, 75008 Paris, France"
"2023/06/10 19:34:57,315",45807,"12 Avenue De La Porte De Vitry, 75013, France"
"2023/06/10 19:53:08,722",26178,"5t Cité Voltaire, 75011 Paris, France"
"2023/06/10 19:52:20,827",41900,"91 Rue Gambetta 94120 Fontenay-sous-Bois"
"2023/06/11 07:36:17,716",60451,"64 Rue Dombasle 75015 Paris"
"2023/06/11 08:47:44,863",14885,"14 Rue De Béarn, 75003 Paris, France"
"2023/06/11 08:44:15,336",39820,"14 Rue De Sèvres, 92100 Boulogne-Billancourt, France"
"2023/06/11 08:50:39,840",25665,"23 Rue Du Petit Musc, 75004 Paris, France"
"2023/06/11 08:52:20,859",62901,"49 Boulevard Saint-Germain, 75005 Paris, France"
"2023/06/11 09:18:55,219",44822,"105 Rue De L'université, 75007 Paris, France"
"2023/06/11 10:46:55,488",60462,"3b Rue Godefroy Cavaignac, 75011 Paris, France"
"2023/06/11 10:51:14,840",38228,"23 Rue Saint-Germain, 94120 Fontenay-sous-Bois, France"
"2023/06/11 10:54:38,525",61556,"13 Avenue De La Longue Bertrane, 92390 Villeneuve-la-Garenne, France"
"2023/06/11 11:11:00,382",43268,"24 Rue Laure Diebold, 75008 Paris, France"
"2023/06/11 11:10:20,368",55952,"17 Rue Laure Diebold, 75008 Paris, France"
"2023/06/11 12:18:02,050",67064,"32 Rue Jean Jaurès 94240 L'Haÿ-les-Roses"
"2023/06/11 13:09:43,561",8276,"12 Rue Bertin Poirée, 75001 Paris, France"
"2023/06/11 13:07:06,817",62955,"141 Boulevard Saint-Michel 75005 Paris"
"2023/06/11 13:16:08,035",50821,"Avenue Albert 1er, 92500 Rueil-Malmaison, France"
"2023/06/11 13:14:47,961",51710,"38 Rue De La Bienfaisance 75008 Paris"
"2023/06/11 14:19:46,455",614,"11 Boulevard De Bonne Nouvelle 75002 Paris"
"2023/06/11 14:18:27,798",60282,"11 Boulevard De Bonne Nouvelle 75002 Paris"
"2023/06/11 14:23:35,460",175,"6 Rue De Mazagran 75010 Paris"
"2023/06/11 14:20:49,873",70712,"11 Boulevard De Bonne Nouvelle 75002 Paris"
"2023/06/11 14:53:18,968",19715,"1 Rue Montorgueil 75001 Paris"
"2023/06/11 15:23:22,593",58707,"72 Avenue Mozart 75016 Paris"
"2023/06/11 15:22:52,924",58974,"35 Rue Vitruve, 75020 Paris, France"
"2023/06/11 15:49:17,643",36692,"23 Rue Cail, 75010 Paris, France"
"2023/06/11 15:43:49,352",44359,"5 Rue Du Bateau Lavoir, 92130 Issy-les-Moulineaux, France"
"2023/06/11 16:23:37,268",15402,"11 Square Berthelot, 94140 Alfortville, France"
"2023/06/11 16:25:45,301",63909,"45 Rue Félix Éboué, 94140 Alfortville, France"
"2023/06/11 17:08:37,005",14627,"11 Avenue Irène Et Frédéric Joliot-Curie, 92240 Malakoff, France"
"2023/06/11 17:01:59,064",62538,"10 Cité Du Couvent 75011 Paris"
"2023/06/11 17:02:45,177",62538,"4 Cité Du Couvent 75011 Paris"
"2023/06/11 18:17:40,007",7994,"48 Boulevard Anatole France 93200 Saint-Denis"
"2023/06/11 18:17:36,243",12348,"3 Rue De L'industrie 93200 Saint-Denis"
"2023/06/11 18:17:41,224",26805,"44 Rue De La Convention 94700 Maisons-Alfort"
"2023/06/11 18:23:18,380",57916,"12 Rue De La Boulangerie 93200 Saint-Denis"
"2023/06/11 18:50:29,475",55247,"8 Square Sainte-Croix De La Bretonnerie 75004 Paris"
"2023/06/11 19:03:59,801",16975,"4 Rue Louis Girard, 93300 Aubervilliers, France"
"2023/06/11 19:21:56,875",68869,"58 Rue Belliard, 75018 Paris, France"
"2023/06/11 19:33:18,173",62510,"3 Rue Bailleul, 75001 Paris, France"
"2023/06/11 19:55:15,933",58598,"1 Rue Albin Haller, 75013 Paris, France"
"2023/06/11 19:59:10,907",70654,"7 Square Du Limousin, 75013 Paris, France"
"2023/06/11 20:17:34,509",61604,"54 Avenue Simón Bolívar 75019 Paris"
"2023/06/11 20:21:32,048",25288,"1b Passage Brulon 75012 Paris"
"2023/06/11 20:22:56,704",33433,"154 Rue Étienne Dolet, 94230 Cachan, France"
"2023/06/11 20:20:39,891",67207,"50 Rue Pelleport 75020 Paris"
"2023/06/11 20:21:43,479",70169,"12 Rue Des Rosiers, 75004 Paris, France"
"2023/06/12 07:02:52,837",1634,"25 Rue Des Poissonniers, 92200 Neuilly-sur-Seine, France"
"2023/06/12 07:44:07,336",55260,"9 Quai Henri Pourchasse, 94200 Ivry-sur-Seine, France"
"2023/06/12 08:24:10,186",55176,"Rue Émile Roux 94120 Fontenay-sous-Bois"
"2023/06/12 09:20:50,475",55432,"12 Rue Du Souvenir 94250 Gentilly"
"2023/06/12 09:53:39,808",62955,"29 Avenue Georges Bernanos 75005 Paris"
"2023/06/12 11:01:44,598",58828,"2 Rue Du Gros Chêne 92370 Chaville"
"2023/06/12 11:43:12,265",55285,"Avenue De L'hippodrome, 75016 Paris, France"
"2023/06/12 11:50:11,532",4090,"15 Rue De Meudon 92130 Issy-les-Moulineaux"
"2023/06/12 11:59:48,352",12345,"Rue Henri Régnault, 92400 Courbevoie, France"
"2023/06/12 12:36:06,934",62255,"20a Rue Du Département, 75018 Paris, France"
"2023/06/12 12:55:27,524",43531,"1 Rue De La Pyramide, 92100 Boulogne-Billancourt, France"
"2023/06/12 13:32:55,425",6445,"4 Voie Des Pyramides, 92800 Puteaux, France"
"2023/06/12 14:48:47,619",8811,"1 Rue De Tahiti 75012 Paris"
"2023/06/12 15:22:17,522",56557,"63 Rue Gabriel Péri, 92120 Montrouge, France"
"2023/06/12 16:36:06,407",51514,"58 Rue De La Gare De Reuilly, 75012 Paris, France"
"2023/06/12 19:54:52,146",44390,"23 Boulevard De La Madeleine, 75001 Paris, France"
"2023/06/12 19:55:26,901",50527,"25 Rue Duphot, 75008 Paris, France"
"2023/06/12 20:11:24,967",56449,"12 Rue Gouthière, 75013 Paris, France"
"2023/06/13 05:46:19,552",61179,"189 Avenue De Choisy 75013 Paris"
"2023/06/13 07:08:15,339",56886,"Mail René Rousseau, 92220 Bagneux, France"
"2023/06/13 07:58:30,075",55246,"9 Cité Vaneau, 75007 Paris, France"
"2023/06/13 08:04:40,812",44958,"82 Rue Sedaine 75011 Paris"
"2023/06/13 08:26:55,861",13461,"1 Passerelle De L'écluse, 93200 Saint-Denis, France"
"2023/06/13 08:26:19,569",58540,"11 Quai De Conti, 75001 Paris, France"
"2023/06/13 08:50:14,977",4102,"83 Avenue Georges Gosnat, 94200 Ivry-sur-Seine, France"
"2023/06/13 09:22:22,001",7654,"58 Avenue Chandon, 92230 Gennevilliers, France"
"2023/06/13 09:27:31,524",13231,"46 Rue Albert, 75013 Paris, France"
"2023/06/13 09:47:15,952",662,"100 Quai Du Président Roosevelt, 92130, France"
"2023/06/13 09:42:35,703",58314,"75 Rue Robert Schuman, 92700 Colombes, France"
"2023/06/13 11:29:44,071",68660,"82 Rue Traversière, 75012 Paris, France"
"2023/06/13 11:54:00,989",23643,"10 Quai De La Charente, 75019 Paris, France"
"2023/06/13 12:06:39,484",19919,"38 Rue Du Sahel, 75012 Paris, France"
"2023/06/13 12:00:50,174",58540,"Quai Josette Et Maurice Audin, 93300 Aubervilliers, France"
"2023/06/13 12:56:51,535",61908,"1 Rue Du Léman 75019 Paris"
"2023/06/13 15:04:48,171",35173,"10 Rue Du Moulin De La Vierge, 75014 Paris, France"
"2023/06/13 15:19:12,728",39995,"64 Boulevard De La Chapelle 75018 Paris"
"2023/06/13 15:13:55,995",68899,"23 Rue De Téhéran, 75008 Paris, France"
"2023/06/13 16:38:31,474",58969,"29 Rue De La Clef, 75005 Paris, France"
"2023/06/13 18:04:34,171",62122,"131 Rue Saint-Honoré, 75001 Paris, France"
"2023/06/13 19:01:08,140",56726,"10 Rue Ybry, 92200 Neuilly-sur-Seine, France"
"2023/06/13 19:21:03,144",68145,"14 Rue Des Apennins, 75017 Paris, France"
"2023/06/13 19:20:39,620",68145,"15 Rue Des Apennins, 75017 Paris, France"
"2023/06/13 20:03:17,379",58755,"32 Rue Louis Le Grand 75002 Paris"
"2023/06/13 20:15:02,233",67589,"81 Avenue De La République, 94800 Villejuif, France"
"2023/06/13 20:21:35,362",30450,"Esplanade Jacques Chirac, 92150 Suresnes, France"
"2023/06/13 20:35:31,166",68237,"12 Place Saint-Sulpice, 75006 Paris, France"
"2023/06/13 20:41:07,869",62361,"5 Rue De La Folie-Régnault, 75011 Paris, France"
"2023/06/13 21:15:34,820",25498,"5 Rue Beffroy, 92200 Neuilly-sur-Seine, France"
"2023/06/13 21:30:25,956",52961,"13 Avenue De La République, 93300 Aubervilliers, France"
"2023/06/13 21:30:32,190",56600,"20 Rue Vulpian, 75013 Paris, France"
"2023/06/13 21:46:11,674",37506,"1 Place De La Porte De Versailles, 75015 Paris, France"
"2023/06/13 21:40:44,023",56726,"5 Rue Ybry, 92200 Neuilly-sur-Seine, France"
"2023/06/13 21:49:02,133",62812,"Gare RER de Vincennes"
"2023/06/13 21:50:35,331",40086,"50 Rue Hoche, 92130 Issy-les-Moulineaux, France"
"2023/06/13 21:50:41,367",56280,"123 Rue Saint-Jacques 75005 Paris"
"2023/06/13 21:52:21,118",63675,"15 Rue Clouet, 75015 Paris, France"
"2023/06/13 22:07:17,034",11057,"150 Rue Championnet, 75018 Paris, France"
"2023/06/13 22:22:13,621",63726,"72t Rue Villiers De L'isle Adam, 75020 Paris, France"
"2023/06/14 06:59:12,594",26958,"13 Rue Gagnée, 94200 Ivry-sur-Seine, France"
"2023/06/14 08:02:22,711",41294,"4 Place Des Sources Du Nord, 75020 Paris, France"
"2023/06/14 08:11:47,507",57890,"10 Avenue Du Général De Gaulle 94220 Charenton-le-Pont"
"2023/06/14 08:39:23,530",56982,"14 Place Carpeaux, 92800 Puteaux, France"
"2023/06/14 10:08:05,730",71155,"2 Rue Fernand Drouilly 92250 La Garenne-Colombes"
"2023/06/14 10:47:45,055",55285,"Avenue De L'hippodrome, 75016 Paris, France"
"2023/06/14 10:43:13,212",58466,"227 Rue Jules Ferry, 92700 Colombes, France"
"2023/06/14 12:15:21,270",58039,"2 Rue De Dijon 94140 Alfortville"
"2023/06/14 12:42:55,876",55921,"125 Rue De Lagny, 75020 Paris, France"
"2023/06/14 13:12:43,403",4001,"9 Rue Des Bruyères, 92310 Sèvres, France"
"2023/06/14 14:09:55,970",62541,"6 Route D'auteuil Aux Lacs, 75016 Paris, France"
"2023/06/14 14:13:28,680",55077,"10 Route D'auteuil Aux Lacs, 75016 Paris, France"
"2023/06/14 15:20:20,782",43366,"Boulevard Périphérique Extérieur, 75116 Paris, France"
"2023/06/14 16:55:23,693",70773,"43 Rue D'alleray, 75015 Paris, France"
"2023/06/14 17:39:05,039",63714,"16 Rue Théophile Leducq 93500 Pantin"
"2023/06/14 19:04:18,458",62361,"5 Rue De La Folie-Régnault, 75011 Paris, France"
"2023/06/15 01:13:58,466",68225,"Rue Robert De Flers, 75015 Paris, France"
"2023/06/15 01:22:38,948",57933,"3 Avenue Malleret-Joinville, 94140 Alfortville, France"
"2023/06/15 07:31:44,312",62902,"1 Rue Du Figuier, 75004 Paris, France"
"2023/06/15 08:36:36,566",13601,"7 Rue Denis Papin, 92600 Asnières-sur-Seine, France"
"2023/06/15 09:12:11,687",52685,"18 Rue Henri Barbusse, 92230 Gennevilliers, France"
"2023/06/15 09:12:00,324",55074,"Rue De Saint-Denis 93120 Saint-Denis"
"2023/06/15 09:28:49,573",11,"5 Rue Froide, 92220 Bagneux, France"
"2023/06/15 09:41:29,552",6354,"18 Rue De L'échiquier 75010 Paris"
"2023/06/15 09:40:42,288",35115,"18 Rue De L'échiquier 75010 Paris"
"2023/06/15 10:04:38,461",13601,"1 Rue Denis Papin 92600 Asnières-sur-Seine"
"2023/06/15 10:24:12,349",2658,"12 Boulevard Barbès, 75018 Paris, France"
"2023/06/15 10:29:45,626",56000,"125 Boulevard De Magenta, 75010 Paris, France"
"2023/06/15 10:30:02,486",56000,"125 Boulevard De Magenta, 75010 Paris, France"
"2023/06/15 12:30:06,656",61460,"14 Allée Des Orgues De Flandre, 75019 Paris, France"
"2023/06/15 13:06:36,534",62228,"27u Allée Marc Chagall, 75013 Paris, France"
"2023/06/15 13:16:37,646",55922,"8 Rue Jules Guesde, 92300 Levallois-Perret, France"
"2023/06/15 14:41:00,035",42677,"17 Rue De Tanger, 75019 Paris, France"
"2023/06/15 14:42:14,550",55255,"32 Avenue François Vincent Raspail, 94110 Arcueil, France"
"2023/06/15 15:13:09,789",15984,"59 Boulevard De Clichy, 75018 Paris, France"
"2023/06/15 16:19:03,548",58675,"2 Rue Eugénie Éboué, 92600 Asnières-sur-Seine, France"
"2023/06/15 17:01:38,691",26105,"2 Rue Waldeck Rochet, 93300 Aubervilliers, France"
"2023/06/15 17:26:44,016",2085,"21 Rue Paul Bert, 94700 Maisons-Alfort, France"
"2023/06/15 18:29:52,973",53461,"9 Rue Dulcie September, 93400 Saint-Ouen-sur-Seine, France"
"2023/06/15 18:30:13,533",61413,"9 Rue Dulcie September, 93400 Saint-Ouen-sur-Seine, France"
"2023/06/15 18:30:53,328",61555,"9 Rue Dulcie September, 93400 Saint-Ouen-sur-Seine, France"
"2023/06/15 19:58:24,818",56982,"14 Place Carpeaux, 92800 Puteaux, France"
"2023/06/15 20:04:20,745",58355,"15 Rue Victor Hugo 94200 Ivry-sur-Seine"
"2023/06/15 20:01:40,801",58355,"6 Rue Victor Hugo 94200 Ivry-sur-Seine"
"2023/06/15 20:00:37,495",58418,"14 Place Carpeaux, 92800 Puteaux, France"
"2023/06/15 20:43:19,795",1111,"Rue Des Suisses, 75014 Paris, France"
"2023/06/15 20:41:24,778",35178,"6 Rue Fizeau, 92150 Suresnes, France"
"2023/06/15 21:05:52,794",70412,"9 Rue Jean Anouilh 75013 Paris"
"2023/06/15 21:17:26,728",68433,"39 Rue Henri Barbusse 93300 Aubervilliers"
"2023/06/15 22:16:52,532",56314,"2 Place De La Gare Des Vallées 92250 La Garenne-Colombes"
"2023/06/15 22:36:39,793",10151,"6 Rue Denis Papin 92600 Asnières-sur-Seine"
"2023/06/15 22:37:47,891",52309,"45 Rue Des Maronites, 75020 Paris, France"
"2023/06/15 22:41:39,663",51021,"132 Rue Du Président Wilson 92300 Levallois-Perret"
"2023/06/15 22:43:51,922",57665,"Quai De La Gare, 75013 Paris, France"
"2023/06/15 22:59:40,823",5379,"38 Rue De Tunis 93200 Saint-Denis"
"2023/06/15 22:58:45,670",68168,"5 Rue Du 10 Juillet 1940, 94400 Vitry-sur-Seine, France"
"2023/06/15 23:26:57,086",12541,"7 Rue Morère, 75014 Paris, France"
"2023/06/16 03:02:18,503",56653,"Rue Neuve Tolbiac, 75013 Paris, France"
"2023/06/16 03:08:50,323",68655,"Place Léonard Bernstein, 75012 Paris, France"
"2023/06/16 03:14:03,915",39521,"Rue Paul Belmondo, 75012 Paris, France"
"2023/06/16 06:06:48,352",71116,"47 Rue Du Landy, 92110 Clichy, France"
"2023/06/16 07:51:18,980",52685,"14 Rue Henri Barbusse 92230 Gennevilliers"
"2023/06/16 08:11:59,692",55590,"1 Rue De Turbigo, 75001 Paris, France"
"2023/06/16 08:28:06,381",62774,"51 Quai De L'artois 94170 Le Perreux-sur-Marne"
"2023/06/16 08:36:13",61460,"9 Allée Des Orgues De Flandre, 75019 Paris, France"
"2023/06/16 08:46:48,823",62228,"21 Rue Tagore, 75013 Paris, France"
"2023/06/16 08:41:41,912",70316,"21 Avenue Louis Bordes, 93240 Stains, France"
"2023/06/16 11:18:45,345",44097,"10 Rue Ambroise Thomas 75009 Paris"
"2023/06/16 11:19:02,793",44230,"19 Rue De Bièvre, 75005 Paris, France"
"2023/06/16 11:20:35,846",50040,"42 Quai D'orléans, 75004 Paris, France"
"2023/06/16 15:00:12,376",56393,"18 Avenue De Lattre De Tassigny, 93800 Épinay-sur-Seine, France"
"2023/06/16 15:44:00,382",61154,"19 Rue De La Division Du Général Leclerc, 94250 Gentilly, France"
"2023/06/16 15:42:56,014",63015,"19 Rue De La Division Du Général Leclerc, 94250 Gentilly, France"
"2023/06/16 17:17:01,374",38507,"5 Allée Galilée, 93240 Stains, France"
"2023/06/16 17:17:45,129",71215,"4 Allée Du Val Du Moulin, 93240 Stains, France"
"2023/06/16 17:54:01,629",44922,"9 Avenue Spinoza, 94200 Ivry-sur-Seine, France"
"2023/06/16 18:24:31,569",44677,"9 Rue Saint-Sébastien 75011 Paris"
"2023/06/16 18:50:30,850",16878,"15 Rue Des Graviers 93400 Saint-Ouen-sur-Seine"
"2023/06/16 18:51:20,097",55246,"10 Rue Vaneau, 75007 Paris, France"
"2023/06/16 19:51:01,681",57261,"2 Rue Charles Fourier, 75013 Paris, France"
"2023/06/16 20:25:25,345",63391,"15 Rue Henri Duveyrier, 92310 Sèvres, France"
"2023/06/16 20:41:20,813",68258,"52 Rue Édouard Poisson, 93300 Aubervilliers, France"
"2023/06/16 20:43:26,022",70316,"21 Avenue Louis Bordes, 93240 Stains, France"
"2023/06/16 21:11:04,934",68290,"18 Avenue Jean Jaurès, 94220 Charenton-le-Pont, France"
"2023/06/16 21:33:06,299",59040,"14 Rue De Wattignies, 75012 Paris, France"
"2023/06/16 22:21:11,010",67519,"9 Rue De L'entreprise Bliss, 93400 Saint-Ouen-sur-Seine, France"
"2023/06/16 22:37:45,295",35458,"22 Rue Cartier Bresson, 93500 Pantin, France"
"2023/06/16 23:32:03,459",14640,"11 Rue Claude Garamond, 75015 Paris, France"
"2023/06/16 23:49:44,399",67517,"10 Avenue Maurice Ravel, 75012 Paris, France"
"2023/06/17 00:13:45,348",21506,"6 Rue Ernest Thierry, 93300 Aubervilliers, France"
"2023/06/17 00:14:25,427",39621,"207 Avenue Des Grésillons, 92230 Gennevilliers, France"
"2023/06/17 00:19:45,884",60182,"1 Rue Lionel Terray, 94400 Vitry-sur-Seine, France"
"2023/06/17 00:12:39,900",62694,"Quai De La Tournelle, 75005 Paris, France"
"2023/06/17 07:22:01,210",12541,"8 Rue Morère, 75014 Paris, France"
"2023/06/17 09:04:39,365",12967,"6 Rue De Paris, 92190 Meudon, France"
"2023/06/17 09:29:39,511",61470,"Rue Médéric, 92250 La Garenne-Colombes, France"
"2023/06/17 10:07:54,344",40086,"19 Rue Rouget De Lisle 92130 Issy-les-Moulineaux"
"2023/06/17 10:54:06,737",60824,"10 Rue Copreaux 75015 Paris"
"2023/06/17 11:59:52,743",62490,"2 Rue Chabert, 94700 Maisons-Alfort, France"
"2023/06/17 12:16:26,005",31579,"1 Rue Pierre Joigneaux 92270 Bois-Colombes"
"2023/06/17 12:17:17,134",35512,"10 Rue Denfert - Rochereau 92600 Asnières-sur-Seine"
"2023/06/17 12:40:03,720",25901,"49 Avenue Carnot 94230 Cachan"
"2023/06/17 13:40:16,430",55878,"13 Rue De Montmorency 92100 Boulogne-Billancourt"
"2023/06/17 13:43:31,260",61563,"1 Avenue De La Motte-Picquet, 75007 Paris, France"
"2023/06/17 14:40:14,768",1073,"30 Allée Du Chef D'escadron De Guillebon, 75015 Paris, France"
"2023/06/17 15:02:48,798",44113,"6 Rue De L'écluse Des Vertus 93300 Aubervilliers"
"2023/06/17 18:06:55,032",22851,"1 Rue De La Pointe D'ivry 75013 Paris"
"2023/06/17 18:07:47,431",25717,"61 Avenue François Vincent Raspail, 94110 Arcueil, France"
"2023/06/17 18:57:29,375",10300,"7 Rue Jacques Margottin, 92340 Bourg-la-Reine, France"
"2023/06/17 19:29:13,640",36543,"10 Cour Saint-Éloi 75012 Paris"
"2023/06/17 20:50:52,196",70412,"11 Rue Jean Anouilh 75013 Paris"
"2023/06/17 21:06:17,546",71054,"182 Rue Jean Jaurès, 93230 Romainville, France"
"2023/06/17 21:24:51,078",1320,"Place Ginette Hamelin"
"2023/06/17 22:59:23,031",59045,"2 Rue La Vieuville, 75018 Paris, France"
"2023/06/17 23:11:46,548",42670,"108 Route De La Pyramide 75012 Paris"
"2023/06/17 23:32:32,847",68655,"Quai De Bercy, 75012 Paris, France"
"2023/06/18 02:32:06,536",61303,"34 Rue Raspail 94200 Ivry-sur-Seine"
"2023/06/18 09:46:33,996",41790,"18 Boulevard Saint-Jacques, 75014 Paris, France"
"2023/06/18 09:50:54,739",2988,"44 Boulevard Saint-Jacques, 75014 Paris, France"
"2023/06/18 10:29:20,454",14885,"11 Rue De Béarn, 75003 Paris, France"
"2023/06/18 10:26:07,336",25875,"17 Avenue Desgenettes 94100 Saint-Maur-des-Fossés"
"2023/06/18 10:25:24,198",43187,"57 Boulevard Victor, 75015 Paris, France"
"2023/06/18 10:26:58,329",50223,"2 Rue Des Haudriettes, 75003 Paris, France"
"2023/06/18 10:26:01,113",70929,"1 Rue De La Ferronnerie, 75001 Paris, France"
"2023/06/18 10:31:09,907",3738,"12 Rue Des Minimes, 75003 Paris, France"
"2023/06/18 11:11:54,253",60221,"14 Rue Claude Monet 92100 Boulogne-Billancourt"
"2023/06/18 11:15:15,589",60273,"8 Rue Robespierre, 94200 Ivry-sur-Seine, France"
"2023/06/18 11:39:56,245",63030,"24 Rue Vignon, 75009 Paris, France"
"2023/06/18 12:08:46,128",61191,"11 Passage Des Abbesses, 75018 Paris, France"
"2023/06/18 14:13:06,702",16129,"326 Rue Saint-Jacques, 75005 Paris, France"
"2023/06/18 14:13:46,395",38507,"Allée Du Val Du Moulin, 93240 Stains, France"
"2023/06/18 15:25:42,718",63622,"53 Rue Rambuteau 75004 Paris"
"2023/06/18 15:52:13,950",62183,"Rue Gabriel Péri, 94250 Le Kremlin-Bicêtre, France"
"2023/06/18 16:49:58,875",41410,"29 Quai De La Tournelle, 75005 Paris, France"
"2023/06/18 17:24:04,695",60675,"153 Avenue De L'agent Sarre 92270 Bois-Colombes"
"2023/06/18 17:31:45,930",68258,"52 Rue Édouard Poisson, 93300 Aubervilliers, France"
"2023/06/18 18:19:22,549",42601,"Place Harvey Milk 75004 Paris"
"2023/06/18 18:40:59,519",58293,"108 Avenue Galliéni, 93170 Bagnolet, France"
"2023/06/18 19:39:32,881",60059,"Tunnel Henri Iv, 75004 Paris, France"
"2023/06/18 19:41:18,480",57695,"16 Avenue Du Repos 94270 Le Kremlin-Bicêtre"
"2023/06/18 19:59:00,067",61945,"4 Passage Moglia, 93300 Aubervilliers, France"
"2023/06/18 20:00:13,571",61945,"11 Quai De Conti, 75001 Paris, France"
"2023/06/18 20:48:49,395",1599,"27 Impasse Claude Guinot 93400 Saint-Ouen-sur-Seine"
"2023/06/18 20:51:56,529",58076,"25 Impasse Claude Guinot 93400 Saint-Ouen-sur-Seine"
"2023/06/18 22:41:37,185",67089,"5 Avenue Du Stade De France, 93210 Saint-Denis, France"
"2023/06/18 23:49:45,738",61348,"7 Rue De L'abbé Derry, 92130 Issy-les-Moulineaux, France"
"2023/06/19 06:36:35,055",71116,"47 Rue Du Landy, 92110 Clichy, France"
"2023/06/19 07:51:32,884",34027,"66 Rue Gabriel Péri, 94200 Ivry-sur-Seine, France"
"2023/06/19 08:06:43,097",61196,"42 Rue Ampère, 94400 Vitry-sur-Seine, France"
"2023/06/19 08:18:59,819",67547,"84 Rue Alexandre Dumas 75020 Paris"
"2023/06/19 08:48:15,855",1245,"Boulevard Poniatowski, 75012 Paris, France"
"2023/06/19 10:05:03,680",11427,"21 Boulevard Pasteur, 75015 Paris, France"
"2023/06/19 10:17:27,832",2335,"76 Avenue Georges Gosnat, 94200 Ivry-sur-Seine, France"
"2023/06/19 11:39:14,650",56860,"44 Rue De L'est, 92100 Boulogne-Billancourt, France"
"2023/06/19 12:27:37,714",63447,"8 Rue Francis De Pressensé, 93400 Saint-Ouen-sur-Seine, France"
"2023/06/19 12:20:48,217",68320,"15 Avenue Ferdinand Buisson, 75016 Boulogne-Billancourt, France"
"2023/06/19 12:41:56,624",6896,"14 Avenue Victoria, 75001 Paris, France"
"2023/06/19 13:23:08,888",61165,"74 Route De La Seine À La Butte Mortemart 75016 Paris"
"2023/06/19 14:42:34,819",39610,"Pl Victimes Du 17 Octobre 1961, 93200 Saint-Denis, France"
"2023/06/19 15:13:23,855",62775,"21 Rue Pinel, 93200 Saint-Denis, France"
"2023/06/19 16:01:33,866",60221,"14 Rue Claude Monet 92100 Boulogne-Billancourt"
"2023/06/19 17:14:29,472",26250,"Avenue Henri Barbusse, 94240 L'Haÿ-les-Roses, France"
"2023/06/19 17:39:54,391",57427,"41 Rue Du Général Leclerc, 92130 Issy-les-Moulineaux, France"
"2023/06/19 18:09:16,312",2417,"29 Rue Des Platrières, 93100 Montreuil, France"
"2023/06/19 18:19:00,733",43674,"1 Rue Du Moulin 93170 Bagnolet"
"2023/06/19 18:22:43,937",5947,"22 Rue Letort, 75018 Paris, France"
"2023/06/19 18:27:57,336",40274,"71b Rue De La Tombe Issoire, 75014 Paris, France"
"2023/06/19 18:38:45,231",58771,"4 Rue De L'ancienne Mairie, 94120 Fontenay-sous-Bois, France"
"2023/06/19 18:30:11,923",62578,"31 Rue Allard, 94160 Saint-Mandé, France"
"2023/06/19 18:42:50,436",44919,"Rue Lachambeaudie, 75012 Paris, France"
"2023/06/19 18:43:26,354",61582,"3 Rue Du Gros Caillou, 75007 Paris, France"
"2023/06/19 20:04:06,951",61563,"64 Boulevard De La Tour Maubourg, 75007 Paris, France"
"2023/06/19 20:43:59,231",1903,"4 Rue Jean Mermoz, 75008 Paris, France"
"2023/06/19 20:59:13,832",3212,"27 Rue De Marignan, 75008 Paris, France"
"2023/06/19 21:06:43,121",6048,"42 Rue Marbeuf, 75008 Paris, France"
"2023/06/19 21:19:02,199",9705,"81 Rue Des Martyrs, 75018 Paris, France"
"2023/06/19 21:36:13,438",56977,"2 Rue De L'hôtel De Ville 92200 Neuilly-sur-Seine"
"2023/06/19 21:40:55,171",58040,"25 Voie De L'ancre, 92400 Courbevoie, France"
"2023/06/20 01:30:18,730",45052,"9 Impasse De La Chapelle, 75018 Paris, France"
"2023/06/20 07:04:24,441",26958,"13 Rue Gagnée, 94200 Ivry-sur-Seine, France"
"2023/06/20 07:03:41,579",63726,"3 Rue Du Quatorze Juillet 94140 Alfortville"
"2023/06/20 07:11:25,645",31690,"1 Rue De Vaugirard 75006 Paris"
"2023/06/20 07:25:50,593",26277,"49 Quai Jean-Baptiste Clément 94140 Alfortville"
"2023/06/20 07:48:12,632",10175,"68 Rue Gabriel Péri, 94200 Ivry-sur-Seine, France"
"2023/06/20 08:05:46,357",20228,"29 Rue Des Frères Flavien, 93260 Les Lilas, France"
"2023/06/20 08:06:13,142",39435,"29 Rue Des Frères Flavien, 75020, France"
"2023/06/20 08:07:40,045",55018,"19 Rue Cassini, 75014 Paris, France"
"2023/06/20 08:05:16,258",61381,"31 Rue Des Frères Flavien, 93260 Les Lilas, France"
"2023/06/20 08:05:30,842",61835,"11 Quai De Conti, 75001 Paris, France"
"2023/06/20 08:07:13,225",68193,"11 Quai De Conti, 75001 Paris, France"
"2023/06/20 08:05:02,240",70136,"14 Rue Esther Cuvier, 93260 Les Lilas, France"
"2023/06/20 08:06:35,509",70155,"11 Quai De Conti, 75001 Paris, France"
"2023/06/20 08:43:18,888",55077,"8 Route D'auteuil Aux Lacs, 75016 Paris, France"
"2023/06/20 08:44:01,618",62361,"8 Rue La Vacquerie 75011 Paris"
"2023/06/20 08:41:47,520",62541,"4 Route D'auteuil Aux Lacs, 75016 Paris, France"
"2023/06/20 08:44:21,408",62747,"6 Rue Francis Jammes, 75010 Paris, France"
"2023/06/20 08:56:06,438",11052,"21 Rue Villiers De L'isle Adam, 75020 Paris, France"
"2023/06/20 09:48:24,221",60086,"12 Rue Des Bateliers 93400 Saint-Ouen-sur-Seine"
"2023/06/20 09:56:36,764",62041,"8 Rue Saint-Denis, 93400 Saint-Ouen-sur-Seine, France"
"2023/06/20 10:11:58,248",12909,"77 Avenue Henri Barbusse, 93120 La Courneuve, France"
"2023/06/20 10:15:18,258",21748,"77 Avenue Henri Barbusse, 93120 La Courneuve, France"
"2023/06/20 10:41:08,758",18606,"12 Rue De La Chine 75020 Paris"
"2023/06/20 10:55:18,357",55176,"26 Rue Émile Roux, 94120 Fontenay-sous-Bois, France"
"2023/06/20 11:49:21,145",12541,"8 Rue Morère, 75014 Paris, France"
"2023/06/20 11:49:00,300",55166,"13 Avenue Louis Bordes, 93240 Stains, France"
"2023/06/20 11:48:30,604",59052,"14 Avenue Louis Bordes, 93240 Stains, France"
"2023/06/20 11:55:24,103",14505,"2 Rue Pierre Joigneaux 92270 Bois-Colombes"
"2023/06/20 11:57:42,123",62279,"10 Rue Arthur Croquette, 94220 Charenton-le-Pont, France"
"2023/06/20 11:54:36,424",62374,"76 Boulevard Masséna 75013 Paris"
"2023/06/20 13:46:11,085",111,"20 Rue Pauline Kreuscher, 78600 Maisons-Laffitte, France"
"2023/06/20 14:07:03,852",44699,"126 Rue Réaumur, 75002 Paris, France"
"2023/06/20 16:28:33,421",60552,"62 Rue Gabriel Péri, 94250 Le Kremlin-Bicêtre, France"
"2023/06/20 16:57:08,669",60837,"Avenue Des Monteux, 93130 Noisy-le-Sec, France"
"2023/06/20 17:12:47,806",60049,"54 Rue De Villiers, 92300 Levallois-Perret, France"
"2023/06/20 17:39:24,155",35313,"18 Rue Paul Fort, 75014 Paris, France"
"2023/06/20 18:29:02,854",68374,"182 Rue Jean Jaurès, 93230 Romainville, France"
"2023/06/20 18:31:19,408",68046,"30 Rue Denis Papin, 93500 Pantin, France"
"2023/06/20 18:41:09,823",71021,"2 Rue Fernand Drouilly 92250 La Garenne-Colombes"
"2023/06/20 19:39:31,112",44803,"26 Rue De Villiers, 92200 Neuilly-sur-Seine, France"
"2023/06/20 19:43:33,531",61405,"Rue Crozatier 75012 Paris"
"2023/06/20 21:35:50,320",8022,"Quai de la Gare - Pont de Bercy"
"2023/06/20 22:01:14,767",45123,"Rue Dugommier, 75012 Paris, France"
"2023/06/21 07:25:21,474",41410,"2 Quai De La Tournelle, 75005 Paris, France"
"2023/06/21 07:52:23,497",63391,"15 Rue Henri Duveyrier, 92310 Sèvres, France"
"2023/06/21 08:47:07,467",23429,"9 Rue De La Sablière, 75014 Paris, France"
"2023/06/21 09:00:44,640",38228,"1 Avenue Foch, 94120 Fontenay-sous-Bois, France"
"2023/06/21 09:22:56,477",41410,"Quai De La Tournelle 75005 Paris"
"2023/06/21 09:56:49,248",20892,"Place Condorcet, 92340 Bourg-la-Reine, France"
"2023/06/21 10:17:10,019",45329,"1 Place Des Musiciens, 94110 Arcueil, France"
"2023/06/21 10:32:33,113",40411,"77 Rue Charles Bassée, 94120 Fontenay-sous-Bois, France"
"2023/06/21 10:58:42,747",36359,"22 Rue Gaston De Caillavet 75015 Paris"
"2023/06/21 11:55:17,298",17452,"46 Rue De Ponthieu, 75008 Paris, France"
"2023/06/21 13:37:54,421",30840,"33 Rue Dareau 75014 Paris"
"2023/06/21 13:49:25,391",5262,"1 Rue Washington 75008 Paris"
"2023/06/21 14:13:47,001",55176,"26 Rue Émile Roux, 94120 Fontenay-sous-Bois, France"
"2023/06/21 17:45:27,604",38245,"Avenue De Saint-Cloud, 78000 Versailles, France"
"2023/06/21 17:50:53,317",58498,"26 Rue De Saint-Quentin 75010 Paris"
"2023/06/21 18:55:42,443",70884,"11 Rue De La Ville L'évêque, 75008 Paris, France"
"2023/06/21 20:39:44,453",9815,"42 Boulevard Victor, 75015 Paris, France"
"2023/06/21 20:38:21,923",58714,"1 Boulevard Victor, 75015 Paris, France"
"2023/06/21 20:41:09,461",37117,"30 Rue Vitruve, 75020 Paris, France"
"2023/06/21 20:45:38,820",61035,"19 Rue Marcel Sembat, 94140 Alfortville, France"
"2023/06/21 21:06:14,125",21551,"6 Rue De Braque 75003 Paris"
"2023/06/21 21:12:28,295",58359,"94 Rue Édouard Vaillant 92300 Levallois-Perret"
"2023/06/21 21:14:17,900",61794,"90 Rue Édouard Vaillant 92300 Levallois-Perret"
"2023/06/21 21:28:16,693",33175,"99 Rue De Sèvres, 75006 Paris, France"
"2023/06/21 21:32:11,417",40411,"Rue De La Maison Rouge Et Du Docteur Khalfa Guedj, 94120 Fontenay-sous-Bois, France"
"2023/06/21 22:35:12,136",57090,"4 Rue Jules Guesde 94140 Alfortville"
"2023/06/21 23:51:58,136",43292,"93 Boulevard De Verdun, 92400 Courbevoie, France"
"2023/06/22 08:01:29,651",56355,"5 Rue Pierre Lescot 75001 Paris"
"2023/06/22 08:03:02,134",59002,"Le Parvis 92800 Puteaux"
"2023/06/22 09:11:05,959",41374,"Allée Des Passiflores, 92270 Bois-Colombes, France"
"2023/06/22 11:12:10,188",58432,"3 Rue Caron, 92240 Malakoff, France"
"2023/06/22 11:44:55,219",44172,"5 Avenue Des Champs-Élysées 75008 Paris"
"2023/06/22 12:09:55,921",61405,"41 Rue Crozatier 75012 Paris"
"2023/06/22 12:17:18,484",61467,"17 Rue Du Jura, 75013 Paris, France"
"2023/06/22 12:31:35,011",58822,"32 Rue Coquillière, 75001 Paris, France"
"2023/06/22 13:08:37,231",44116,"4 Avenue De Vorges 94300 Vincennes"
"2023/06/22 15:09:19,955",38317,"2 Rue Godillot 93400 Saint-Ouen-sur-Seine"
"2023/06/22 15:09:58,440",61732,"14 Route De La Tourelle 75012 Paris"
"2023/06/22 15:00:06,850",62017,"34 Boulevard De La Libération) 93200 Saint-Denis"
"2023/06/22 16:10:45,178",60273,"85 Rue Louise-Aglaé Cretté, 94400 Vitry-sur-Seine, France"
"2023/06/22 17:51:44,891",8872,"12 Rue Henri Barbusse 92230 Gennevilliers"
"2023/06/22 19:08:34,975",55997,"19 Rue Nicolaï, 75012 Paris, France"
"2023/06/22 19:07:09,365",56462,"2b Cité Debergue 75012 Paris"
"2023/06/22 19:07:01,630",56816,"7 Rue Nicolaï, 75012 Paris, France"
"2023/06/22 19:27:29,343",70127,"16 Rue Crozatier, 75012 Paris, France"
"2023/06/22 19:43:24,447",12967,"Carrefour De La Ferme, 92190 Meudon, France"
"2023/06/22 19:44:53,284",62663,"2 Rue De Paris, 92190 Meudon, France"
"2023/06/22 19:44:22,585",63142,"11 Quai De Conti, 75001 Paris, France"
"2023/06/22 19:52:20,604",60221,"14 Rue Claude Monet 92100 Boulogne-Billancourt"
"2023/06/22 19:55:56,234",62513,"19 Rue Massue, 94300 Vincennes, France"
"2023/06/22 20:13:58,589",67712,"101 Rue George Sand 92500 Rueil-Malmaison"
"2023/06/22 20:12:53,307",67712,"99 Rue George Sand, 92500 Rueil-Malmaison, France"
"2023/06/22 20:24:44,682",10978,"11 Avenue Du Général Maistre 75014 Paris"
"2023/06/22 20:31:11,143",53373,"24 Rue Louis Blanc, 95100 Argenteuil, France"
"2023/06/22 20:51:39,281",70928,"36 Rue Gardenat-Lapostol 92150 Suresnes"
"2023/06/22 21:27:18,965",70169,"8 Rue Des Rosiers, 75004 Paris, France"
"2023/06/22 21:34:11,110",7056,"1 Rue Tiron, 75004 Paris, France"
"2023/06/22 21:33:12,455",34908,"3 Rue Tiron, 75004 Paris, France"
"2023/06/22 21:31:41,080",53334,"9 Avenue Cousin De Méricourt 94230 Cachan"
"2023/06/22 21:50:14,067",4547,"54 Rue Du Landy, 92110 Clichy, France"
"2023/06/22 22:13:52,551",58561,"16 Rue Des Fonds Verts, 75012 Paris, France"
"2023/06/22 23:03:41,321",61503,"6 Rue Nollet, 75017 Paris, France"
"2023/06/23 07:52:24,638",61363,"11 Quai De Conti, 75001 Paris, France"
"2023/06/23 08:20:17,787",1903,"6 Rue Jean Mermoz, 75008 Paris, France"
"2023/06/23 08:38:41,809",55407,"14 Avenue Raspail, 94250 Gentilly, France"
"2023/06/23 08:54:14,910",58822,"32 Rue Coquillière, 75001 Paris, France"
"2023/06/23 08:51:46,759",67223,"1 Rue De Seine, 94140 Alfortville, France"
"2023/06/23 09:25:59,009",57090,"2 Rue Des Essertes 94140 Alfortville"
"2023/06/23 10:20:25,502",51148,"3 Rue Fourneyron 75017 Paris"
"2023/06/23 10:24:36,797",61925,"2 Rue De Seine, 94140 Alfortville, France"
"2023/06/23 10:57:32,803",67064,"34 Rue Jean Jaurès 94240 L'Haÿ-les-Roses"
"2023/06/23 11:43:51,689",61548,"1s2 Rue De Thorigny 75003 Paris"
"2023/06/23 12:08:29,283",50223,"4 Rue Des Haudriettes 75003 Paris"
"2023/06/23 12:17:21,291",654,"57 Rue Grétillat 94400 Vitry-sur-Seine"
"2023/06/23 12:15:49,206",31227,"57 Rue Grétillat 94400 Vitry-sur-Seine"
"2023/06/23 12:28:57,470",11924,"14 Passage De L'aqueduc 93200 Saint-Denis"
"2023/06/23 13:13:59,258",68904,"11 Quai De Conti, 75001 Paris, France"
"2023/06/23 13:14:32,070",68904,"90 Boulevard De Sébastopol, 75003 Paris, France"
"2023/06/23 13:36:26,864",70082,"15 Rue De La Barbacane, 93200 Saint-Denis, France"
"2023/06/23 13:48:43,088",63726,"3 Rue Des Écoles 94140 Alfortville"
"2023/06/23 15:01:32,791",123,"Rue Cousté, 94230 Cachan, France"
"2023/06/23 15:11:51,434",71425,"32 Rue Du Commandant René Mouchotte, 75014 Paris, France"
"2023/06/23 16:16:18,198",58679,"49 Rue Des Trois Territoires, 93100 Montreuil, France"
"2023/06/23 16:15:51,070",62909,"3 Rue Du Passeleu, 94120 Fontenay-sous-Bois, France"
"2023/06/23 16:11:18,341",71361,"31 Rue Robert Giraudineau, 94300 Vincennes, France"
"2023/06/23 16:46:44,393",60801,"32 Rue Paul Vaillant Couturier 95100 Argenteuil"
"2023/06/23 17:24:13,700",11063,"13 Boulevard Aristide Briand 92400 Courbevoie"
"2023/06/23 18:23:28,033",43674,"1 Rue Du Moulin 93170 Bagnolet"
"2023/06/23 19:04:51,432",61582,"3 Rue Du Gros Caillou 75007 Paris"
"2023/06/23 19:26:47,260",41211,"21 Rue Girouix 92500 Rueil-Malmaison"
"2023/06/23 20:08:50,669",18606,"103 Avenue Gambetta 75020 Paris"
"2023/06/23 21:36:52,003",67592,"364b Rue De Vaugirard, 75015 Paris, France"
"2023/06/23 23:28:44,562",41356,"Boulevard Henri Iv, 75004 Paris, France"
"2023/06/23 23:32:25,359",42996,"Place D'aligre, 75012 Paris, France"
"2023/06/24 01:15:15,683",63778,"7 Rue De Frankenthal, 92700 Colombes, France"
"2023/06/24 01:51:12,233",57308,"35 Rue Ledru-Rollin 94200 Ivry-sur-Seine"
"2023/06/24 07:34:03,779",24001,"14 Rue Charlemagne, 75004 Paris, France"
"2023/06/24 08:36:44,664",50179,"10 Rue Des Fontaines Du Temple 75003 Paris"
"2023/06/24 08:38:52,703",61186,"33 Quai Blanqui 94140 Alfortville"
"2023/06/24 08:31:22,877",67223,"1 Rue Simone De Beauvoir 94140 Alfortville"
"2023/06/24 09:26:57,283",2121,"14 Quai De Champagne 94170 Le Perreux-sur-Marne"
"2023/06/24 10:11:24,887",68480,"4 Rue De La Cosarde, 94240 L'Haÿ-les-Roses, France"
"2023/06/24 10:28:18,372",58453,"19 Rue Pablo Néruda, 92220 Bagneux, France"
"2023/06/24 11:14:53,233",55369,"23 Rue Escudier 92100 Boulogne-Billancourt"
"2023/06/24 11:12:14,262",60180,"55 Rue Louis Lumière 75020 Paris"
"2023/06/24 11:52:41,583",42026,"71 Avenue De Gravelle 94220 Charenton-le-Pont"
"2023/06/24 12:54:10,945",70060,"3 Rue Du Transvaal 92250 La Garenne-Colombes"
"2023/06/24 13:12:58,681",14738,"2 Rue De Mazagran 75010 Paris"
"2023/06/24 13:17:55,855",45788,"49 Rue Ledru-Rollin 94200 Ivry-sur-Seine"
"2023/06/24 13:17:01,278",50790,"198 Quai De Bercy 75012 Paris"
"2023/06/24 13:15:57,359",57053,"59 Quai François Mauriac 75013 Paris"
"2023/06/24 15:11:06,953",60385,"Tunnel Henri Iv 75004 Paris"
"2023/06/24 16:38:53,224",26379,"Boulevard Beaumarchais, 75003 Paris, France"
"2023/06/24 16:33:41,883",35985,"74 Avenue De La République, 93300 Aubervilliers, France"
"2023/06/24 16:44:28,449",45788,"34 Rue Ledru-Rollin, 94200 Ivry-sur-Seine, France"
"2023/06/24 17:36:34,698",61661,"26 Rue Des Renaudes, 75017 Paris, France"
"2023/06/24 21:42:12,343",52740,"131 Avenue Jean Jaurès, 92120 Montrouge, France"
"2023/06/24 22:15:39,145",67438,"68 Rue Emeriau 75015 Paris"
"2023/06/25 00:59:31,318",57778,"5 Rue Jules Lefebvre 75009 Paris"
"2023/06/25 02:12:39,781",68297,"7 Rue Victor Hugo, 92700 Colombes, France"
"2023/06/25 03:20:51,080",58328,"107 Rue De La République 92800 Puteaux"
"2023/06/25 03:59:44,281",2886,"Avenue Malleret-Joinville, 94140 Alfortville, France"
"2023/06/25 04:02:29,200",70216,"Avenue Malleret-Joinville, 94140 Alfortville, France"
"2023/06/25 06:10:04,868",51948,"Centre Commercial Ivry Grand Ciel, 94200 Ivry-sur-Seine, France"
"2023/06/25 08:32:15,750",26972,"160 Avenue De Paris, 92320 Châtillon, France"
"2023/06/25 09:57:20,156",63622,"Accès Parking Centre Pompidou, 75004 Paris, France"
"2023/06/25 11:08:30,946",61661,"26 Rue Des Renaudes 75017 Paris"
"2023/06/25 11:13:30,544",56689,"25 Boulevard Jean Jaurès, 93400 Saint-Ouen-sur-Seine, France"
"2023/06/25 11:22:33,557",10674,"52 Rue Castagnary, 75015 Paris, France"
"2023/06/25 11:46:19,164",58041,"22 Rue Carducci 75019 Paris"
"2023/06/25 12:10:26,165",63130,"14 Rue Gaston Latouche, 92210 Saint-Cloud, France"
"2023/06/25 12:46:13,653",68384,"18 Rue De L'ancienne Mairie, 92100 Boulogne-Billancourt, France"
"2023/06/25 13:18:09,884",70199,"4 Avenue Anatole France 93500 Pantin"
"2023/06/25 14:45:41,913",55286,"19 Rue Pablo Néruda 92220 Bagneux"
"2023/06/25 15:01:25,066",27076,"6 Rue Biot 75017 Paris"
"2023/06/25 17:37:17,512",9115,"Rue De Rivoli, 75001 Paris, France"
"2023/06/25 17:49:49,178",30177,"10 Rue Étienne Marcel 93500 Pantin"
"2023/06/25 18:07:59,198",20694,"139 Rue Haxo 75019 Paris"
"2023/06/25 18:48:51,849",13590,"3 Place De Verdun, 78220 Viroflay, France"
"2023/06/25 18:51:32,192",63607,"45 Rue De La Mutualité, 92160 Antony, France"
"2023/06/25 19:09:25,669",41416,"2 Rue Heurtault, 93300 Aubervilliers, France"
"2023/06/25 19:39:36,135",71448,"21 Rue De La Lancette 75012 Paris"
"2023/06/25 19:56:14,067",51231,"30 Rue Amédée Huon 94200 Ivry-sur-Seine"
"2023/06/25 20:07:15,214",14601,"25 Rue Saint-Hippolyte, 75013 Paris, France"
"2023/06/25 20:16:48,831",53387,"7 Rue Pillet Will, 75009 Paris, France"
"2023/06/25 20:21:02,958",5916,"Rue De Vincennes, 94700 Maisons-Alfort, France"
"2023/06/25 20:33:42,824",16129,"330 Rue Saint-Jacques, 75005 Paris, France"
"2023/06/25 20:31:12,568",57182,"2 Rue Nollet 75017 Paris"
"2023/06/25 20:52:05,017",22859,"38 Rue Albert Thomas, 75010 Paris, France"
"2023/06/25 22:34:37,661",70271,"Bercy - Traversiére"
"2023/06/26 00:57:52,337",44203,"86 Rue De La République 93200 Saint-Denis"
"2023/06/26 01:08:49,386",26314,"49 Cours De L'île Seguin, 92100 Boulogne-Billancourt, France"
"2023/06/26 01:09:21,845",61379,"49 Cours De L'île Seguin, 92100 Boulogne-Billancourt, France"
"2023/06/26 06:53:23,754",58811,"26 Rue Jacques Kellner, 75017 Paris, France"
"2023/06/26 07:01:32,222",30042,"73 Quai Adolphe Giquel, 92500 Rueil-Malmaison, France"
"2023/06/26 09:22:39,796",662,"100 Quai Du Président Roosevelt, 92130, France"
"2023/06/26 09:56:15,771",12541,"8 Rue Morère, 75014 Paris, France"
"2023/06/26 09:54:45,032",67711,"1 Rue Jean-Jacques Rousseau, 92700 Colombes, France"
"2023/06/26 12:42:48,457",20264,"87 Rue Des Orteaux 75020 Paris"
"2023/06/26 13:06:53,265",63212,"102 Avenue Du Général Leclerc, 94700 Maisons-Alfort, France"
"2023/06/26 14:32:23,291",33117,"5 Rue De Verdun - Lazare Ponticelli, 94270 Le Kremlin-Bicêtre, France"
"2023/06/26 14:36:55,427",51152,"38 Avenue Pierre Larousse, 92240 Malakoff, France"
"2023/06/26 15:53:37,620",20572,"242b Boulevard Saint-Germain 75007 Paris"
"2023/06/26 15:58:11,765",57504,"93 Rue Oberkampf, 75011 Paris, France"
"2023/06/26 16:02:27,708",71250,"6 Rue Sarah Bernhardt, 92600 Asnières-sur-Seine, France"
"2023/06/26 17:27:06,985",57295,"8 Boulevard Victor, 75015 Paris, France"
"2023/06/26 17:54:48,113",22813,"15 Passage De Seine, 92400 Courbevoie, France"
"2023/06/26 18:42:14,305",56288,"14 Rue De La Tombe Issoire 75014 Paris"
"2023/06/26 19:05:22,922",24712,"2 Rue Jean Monnet, 94270 Le Kremlin-Bicêtre, France"
"2023/06/26 19:23:14,470",57289,"6 Rue De Navarin, 75009 Paris, France"
"2023/06/26 20:32:35,264",61899,"155 Avenue Charles De Gaulle 92200 Neuilly-sur-Seine"
"2023/06/26 20:44:07,308",68384,"18 Rue De L'ancienne Mairie, 92100 Boulogne-Billancourt, France"
"2023/06/26 22:13:31,553",34563,"28 Avenue De La Porte De Vitry, 75013 Paris, France"
"2023/06/26 22:17:34,620",60180,"51 Rue Louis Lumière 75020 Paris"
"2023/06/27 01:17:52,404",18651,"3b Rue Du Pont De Lodi, 75006 Paris, France"
"2023/06/27 01:16:36,883",26498,"7 Rue Des Grands Augustins, 75006 Paris, France"
"2023/06/27 01:21:58,319",20704,"5 Rue Du Pont De Lodi, 75006 Paris, France"
"2023/06/27 01:20:49,450",23146,"6 Rue Du Pont De Lodi, 75006 Paris, France"
"2023/06/27 02:12:17,464",55557,"Rue Rambuteau, 75001 Paris, France"
"2023/06/27 08:38:59,238",5777,"21 Avenue Amilcar Cabral, 93210 Saint-Denis, France"
"2023/06/27 08:31:33,873",63693,"16 Route D'auteuil Aux Lacs, 75016 Paris, France"
"2023/06/27 09:28:10,519",11440,"7 Rue Jeanne D'arc 92130 Issy-les-Moulineaux"
"2023/06/27 09:28:59,829",57773,"7 Rue Ampère 93200 Saint-Denis"
"2023/06/27 09:30:21,354",9244,"2 Rue Foucher Lepelletier 92130 Issy-les-Moulineaux"
"2023/06/27 09:47:58,604",68405,"9 Rue Des Trois Bornes, 75011 Paris, France"
"2023/06/27 09:42:21,034",71815,"11 Quai De Conti, 75001 Paris, France"
"2023/06/27 10:10:02,568",63299,"6 Avenue Du Président Wilson 75008 Paris"
"2023/06/27 10:57:19,379",38341,"2 Rue Fourcroy, 75017 Paris, France"
"2023/06/27 12:05:17,404",52120,"2 Quai De Saint-Ouen 93200 Saint-Denis"
"2023/06/27 12:07:59,978",55074,"9 Boulevard De La Libération) 93200 Saint-Denis"
"2023/06/27 12:01:58",55739,"Quai De Saint-Ouen 93200 Saint-Denis"
"2023/06/27 12:15:10,811",38796,"1t Rue Charles Divry 75014 Paris"
"2023/06/27 12:30:59,050",9465,"28 Quai Du Président Paul Doumer, 92400 Courbevoie, France"
"2023/06/27 12:36:24,218",32150,"28 Rue Guynemer 93200 Saint-Denis"
"2023/06/27 13:16:07,676",70521,"10 Rue Claude Debussy, 75017 Paris, France"
"2023/06/27 13:21:38,750",51267,"4 Rue Albert Bayet, 75013 Paris, France"
"2023/06/27 13:23:41,298",60319,"61 Rue De Sèvres 92410 Ville-d'Avray"
"2023/06/27 14:40:12,374",71425,"30 Rue Du Commandant René Mouchotte, 75014 Paris, France"
"2023/06/27 15:07:04,203",44497,"7 Rue Pauline Kergomard 75020 Paris"
"2023/06/27 15:56:11,495",6445,"3 Tunnel De La Défense 92400 Courbevoie"
"2023/06/27 15:59:45,816",58229,"16 Cours Du Septième Art, 75019 Paris, France"
"2023/06/27 15:51:21,147",60325,"75 Voie Des Bâtisseurs 92400 Courbevoie"
"2023/06/27 16:50:08,809",56165,"46 Boulevard De Charonne, 75020 Paris, France"
"2023/06/27 17:16:54,298",60221,"63 Rue De L'est 92100 Boulogne-Billancourt"
"2023/06/27 17:53:17,885",9244,"2 Rue Foucher Lepelletier 92130 Issy-les-Moulineaux"
"2023/06/27 17:58:38,112",14805,"5 Rue Marie Curie, 92600 Asnières-sur-Seine, France"
"2023/06/27 18:06:57,127",70991,"29 Rue Raffet 75016 Paris"
"2023/06/27 18:27:54,335",6404,"6 Rue Des Vignerons, 94300 Vincennes, France"
"2023/06/27 18:44:01,586",51221,"4 Rue Claude Monet 92100 Boulogne-Billancourt"
"2023/06/27 18:59:58,501",61582,"4b Rue Du Gros Caillou, 75007 Paris, France"
"2023/06/27 19:59:43,962",59067,"121 Avenue Charles Gide, 94270 Le Kremlin-Bicêtre, France"
"2023/06/27 20:57:37,819",68809,"8 Rue Antoine Thomas, 94200 Ivry-sur-Seine, France"
"2023/06/27 21:54:17,515",53016,"250 Rue Du Ménil, 92600 Asnières-sur-Seine, France"
"2023/06/27 22:39:10,552",52748,"12 Rue De La Fidélité, 75010 Paris, France"
"2023/06/28 00:08:28,826",67438,"70 Rue Emeriau, 75015 Paris, France"
"2023/06/28 00:21:05,028",22640,"Pont De Levallois 92400 Courbevoie"
"2023/06/28 02:15:17,118",57158,"115 Rue Des Haies, 75020 Paris, France"
"2023/06/28 06:50:19,841",22640,"Pont De Levallois, 92400 Courbevoie, France"
"2023/06/28 07:58:43,557",30296,"45 Rue Du Clos 75020 Paris"
"2023/06/28 07:54:11,716",58993,"11 Rue De La Gare, 92130 Issy-les-Moulineaux, France"
"2023/06/28 08:02:02,577",70521,"8 Rue Claude Debussy 75017 Paris"
"2023/06/28 08:21:58,011",68177,"119 Avenue Aristide Briand 94230 Cachan"
"2023/06/28 08:34:41,204",13079,"65 Rue Du Landy, 93300 Aubervilliers, France"
"2023/06/28 08:32:12,635",26211,"3 Avenue Des Murs Du Parc 94300 Vincennes"
"2023/06/28 08:54:35,614",61301,"135 Avenue Du Général Leclerc, 94700 Maisons-Alfort, France"
"2023/06/28 08:57:50,768",68301,"9 Avenue De Clichy 75017 Paris"
"2023/06/28 09:17:55,257",18652,"4 Place Violet, 75015 Paris, France"
"2023/06/28 09:28:41,925",37838,"4 Rue De La Gare 94230 Cachan"
"2023/06/28 09:27:34,027",43366,"Route Des Lacs 75116 Paris"
"2023/06/28 09:39:58,757",45787,"241 Boulevard Jean Jaurès, 92100 Boulogne-Billancourt, France"
"2023/06/28 09:41:22,515",5014,"235 Boulevard Jean Jaurès, 92100 Boulogne-Billancourt, France"
"2023/06/28 11:28:59,431",68947,"2 Place André Malraux 75001 Paris"
"2023/06/28 11:51:10,528",58069,"168 Rue Du Faubourg Poissonnière 75010 Paris"
"2023/06/28 12:17:19,991",60010,"7 Avenue Gabriel Péri 94300 Vincennes"
"2023/06/28 12:17:53,060",60281,"64 Avenue De La République, 94800 Villejuif, France"
"2023/06/28 12:46:43,795",6567,"13 Rue Villiot 75012 Paris"
"2023/06/28 13:35:06,615",57646,"31 Rue Leconte De Lisle 75016 Paris"
"2023/06/28 14:09:53,628",55048,"81 Rue Sedaine 75011 Paris"
"2023/06/28 14:28:58,691",5916,"Route Saint-Louis 75012 Paris"
"2023/06/28 14:21:50,707",9828,"193 Rue De La Pompe 75016 Paris"
"2023/06/28 14:43:15,529",40882,"Rue Jean De La Fontaine, 75016 Paris, France"
"2023/06/28 14:52:29,935",58936,"Rue Juliette De Wils, 94500 Champigny-sur-Marne, France"
"2023/06/28 15:48:01,465",12602,"67 Rue De L'amiral Mouchez, 75013 Paris, France"
"2023/06/28 15:52:13,263",40507,"4 Rue Maurice Hartmann, 92130 Issy-les-Moulineaux, France"
"2023/06/28 16:26:27,257",16596,"80 Avenue Larroumès, 94240 L'Haÿ-les-Roses, France"
"2023/06/28 16:37:09,972",56600,"26 Rue Vulpian, 75013 Paris, France"
"2023/06/28 16:39:53,780",67690,"20 Rue Vulpian, 75013 Paris, France"
"2023/06/28 16:43:39,869",21300,"3 Rue Roublot 94120 Fontenay-sous-Bois"
"2023/06/28 16:42:27,449",63693,"18 Route D'auteuil Aux Lacs, 75016 Paris, France"
"2023/06/28 17:04:17,106",18651,"3b Rue Du Pont De Lodi, 75006 Paris, France"
"2023/06/28 17:05:24,692",26498,"7 Rue Des Grands Augustins, 75006 Paris, France"
"2023/06/28 17:08:31,549",43551,"181 Allée Du Forum, 92100 Boulogne-Billancourt, France"
"2023/06/28 17:33:22,956",67238,"4 Rue Bruant 75013 Paris"
"2023/06/28 17:49:02,165",26498,"7 Rue Des Grands Augustins, 75006 Paris, France"
"2023/06/28 18:17:46,509",11981,"7 Place Chateaubriand, 94230 Cachan, France"
"2023/06/28 18:12:21,088",41300,"10 Avenue Henri Barbusse, 92600 Asnières-sur-Seine, France"
"2023/06/28 18:23:23,883",40852,"11 Rue Henri Martin 94200 Ivry-sur-Seine"
"2023/06/28 19:06:55,786",62326,"57 Rue De Turbigo 75003 Paris"
"2023/06/28 19:39:04,701",62826,"226 Boulevard Charles De Gaulle, 92700 Colombes, France"
"2023/06/28 19:36:39,847",67286,"76 Avenue Marx Dormoy, 92120 Bagneux, France"
"2023/06/28 19:54:44,943",2693,"Saint-Antoine Sévigné"
"2023/06/28 20:14:46,424",26311,"24 Rue De Marignan 75008 Paris"
"2023/06/28 22:37:51,995",15538,"22 Rue Gambetta 92100 Boulogne-Billancourt"
"2023/06/29 00:09:29,454",999,"11 Impasse Royer-Collard, 75005 Paris, France"
"2023/06/29 01:09:10,802",70735,"58 Quai Alphonse Le Gallo, 92100 Boulogne-Billancourt, France"
"2023/06/29 08:27:10,187",58811,"26 Rue Jacques Kellner, 75017 Paris, France"
"2023/06/29 08:39:51,138",55407,"21 Avenue Raspail, 94250 Gentilly, France"
"2023/06/29 08:46:19,838",18652,"4 Place Violet, 75015 Paris, France"
"2023/06/29 08:48:48,046",39371,"53 Rue Des Prés 94400 Vitry-sur-Seine"
"2023/06/29 08:41:06,214",60015,"22 Rue Jean Trémoulet 94200 Ivry-sur-Seine"
"2023/06/29 08:49:10,734",61563,"15 Avenue De La Motte-Picquet 75007 Paris"
"2023/06/29 09:31:31,228",35415,"96 Rue Adolphe Guyot, 92270 Bois-Colombes, France"
"2023/06/29 09:44:24,175",58566,"Porte D'asnières 75017 Paris"
"2023/06/29 09:52:07,246",55521,"58 Rue Gabriel Péri 93200 Saint-Denis"
"2023/06/29 10:00:48,701",58143,"171 Boulevard Anatole France 93200 Saint-Denis"
"2023/06/29 10:12:53,385",18479,"6 Cours Des Avocats 75017 Paris"
"2023/06/29 11:06:54,475",44369,"27 Rue Des Tournelles, 75004 Paris, France"
"2023/06/29 11:28:07,168",30840,"31 Rue Dareau 75014 Paris"
"2023/06/29 11:50:39,875",55048,"80 Rue Sedaine 75011 Paris"
"2023/06/29 12:22:32,362",58936,"24 Boulevard Jules Guesde, 94500 Champigny-sur-Marne, France"
"2023/06/29 14:06:11,856",57183,"23 Quai Panhard Et Levassor 75013 Paris"
"2023/06/29 14:02:57,396",67545,"56 Avenue De New York 75016 Paris"
"2023/06/29 14:44:51,257",57729,"Quai Panhard Et Levassor, 75013 Paris, France"
"2023/06/29 15:33:42,478",33117,"84 Rue Du Général Leclerc, 94270 Le Kremlin-Bicêtre, France"
"2023/06/29 16:13:56,501",61678,"36 Rue Louis Ulbach 92400 Courbevoie"
"2023/06/29 16:43:19,408",24532,"20 Passage De La Vierge, 75007 Paris, France"
"2023/06/29 16:54:20,772",5916,"Route Saint-Louis 75012 Paris"
"2023/06/29 17:10:12,200",68464,"41 Rue Saint-Lambert 75015 Paris"
"2023/06/29 17:30:04,557",56982,"Rue François Rabelais 92400 Courbevoie"
"2023/06/29 18:08:44,496",57070,"11 Quai De Conti, 75001 Paris, France"
"2023/06/29 18:09:25,509",57070,"132 Rue Falguière, 75015 Paris, France"
"2023/06/29 18:23:04,541",30636,"2 Boulevard Richard-Lenoir, 75011 Paris, France"
"2023/06/29 19:14:09,698",71558,"1 Rue Forest 75018 Paris"
"2023/06/29 19:37:12,396",55344,"108 Rue Gabriel Péri, 94400 Vitry-sur-Seine, France"
"2023/06/29 19:35:28,342",63693,"8 Route D'auteuil Aux Lacs, 75016 Paris, France"
"2023/06/29 19:42:48,037",35154,"Route De Sèvres À Neuilly 75016 Paris"
"2023/06/29 19:44:14,462",45886,"1 Place Léon Gambetta, 94200 Ivry-sur-Seine, France"
"2023/06/29 19:46:55,210",70303,"23 Rue Pasteur 94800 Villejuif"
"2023/06/29 21:03:07,130",67062,"8 Boulevard Des Invalides, 75007 Paris, France"
"2023/06/29 21:16:47,642",68255,"35 Boulevard Pasteur 75015 Paris"
"2023/06/29 21:23:15,248",26021,"4 Boulevard De La République, 92100 Boulogne-Billancourt, France"
"2023/06/29 22:03:09,704",45054,"55 Rue Marjolin, 92300 Levallois-Perret, France"
"2023/06/29 22:02:04,374",99999,"66 Avenue Jean Jaurès, 94400 Vitry-sur-Seine, France"
"2023/06/30 00:01:26,436",58584,"90 Rue Des Oliviers, 93600 Aulnay-sous-Bois, France"
"2023/06/30 01:55:17,803",52789,"33 Boulevard Carnot 94140 Alfortville"
"2023/06/30 03:08:17,598",61300,"12 Rue Du Trosy 92140 Clamart"
"2023/06/30 04:11:47,547",45454,"241 Avenue Du Général Leclerc 94700 Maisons-Alfort"
"2023/06/30 07:31:16,751",62881,"2 Passage Josseaume 75020 Paris"
"2023/06/30 08:18:16,219",61326,"Avenue Charles De Gaulle 92270 Bois-Colombes"
"2023/06/30 08:45:33,389",51545,"Avenue Fayolle, 94300 Vincennes, France"
"2023/06/30 09:01:02,061",5916,"Route Saint-Louis 75012 Paris"
"2023/06/30 09:56:33,787",67593,"29 Rue De La Belle Île, 77500 Chelles, France"
"2023/06/30 10:47:45,973",12345,"Avenue De New York 75016 Paris"
"2023/06/30 13:27:56,615",62867,"33 Rue Mstislav Rostropovitch 75017 Paris"
"2023/06/30 13:26:53,555",68434,"27 Rue Mstislav Rostropovitch 75017 Paris"
"2023/06/30 13:53:55,347",25579,"4 Rue Du Havre 75009 Paris"
"2023/06/30 15:18:14,609",14039,"Voie Georges Pompidou 75008 Paris"
"2023/06/30 16:33:20,231",58844,"50 Avenue Clément Perrière, 92320 Châtillon, France"
"2023/06/30 17:23:30,594",35678,"23 Avenue Junot 75018 Paris"
"2023/06/30 18:35:32,898",52216,"44 Rue De Boulainvilliers, 75016 Paris, France"
"2023/06/30 18:47:36,069",68328,"34 Rue De Fontarabie 75020 Paris"
"2023/06/30 19:28:14,641",256,"7 Rue Monge, 75005 Paris, France"
"2023/06/30 19:39:15,346",44116,"4 Avenue De Vorges, 94300 Vincennes, France"
"2023/06/30 20:03:03,813",68564,"2 Rue De La Mare Adam, 92370 Chaville, France"
"2023/06/30 20:09:41,997",68915,"1 Rue Du Général Archinard 75012 Paris"
"2023/06/30 21:06:34,421",57565,"54 Avenue André Morizet 92100 Boulogne-Billancourt"
"2023/06/30 21:25:39,847",34321,"47 Avenue De La Liberté, 94260 Fresnes, France"
"2023/06/30 21:25:16,074",62873,"14 Rue Eugénie Éboué, 92600 Asnières-sur-Seine, France"
"2023/06/30 21:37:45,158",737,"31 Rue Du Gouverneur Général Éboué, 92130 Issy-les-Moulineaux, France"
"2023/06/30 21:48:04,717",37285,"9 Avenue Gallièni, 92400 Courbevoie, France"
"2023/06/30 21:53:08,158",60137,"211b Rue Du Ménil, 92600 Asnières-sur-Seine, France"
"2023/06/30 22:08:27,987",53249,"35 Rue Du 18 Juin 1940, 94400 Vitry-sur-Seine, France"
"2023/06/30 23:25:11,094",12006,"Quai Pierre Cosmi 94140 Alfortville"
